image_path,cell_type_real,caption_generado,prediccion
.\data\domain_control_crops_test\40_10_1000_AML_cell1.png,eosinophil,"metamyelocyte cell. a cell with medium size, dense nuclear chromatin, irregular nuclear shape, absent nucleolus, moderate cytoplasm, slight basophilia, absent cytopmic vacuoles.",sana
.\data\domain_control_crops_test\40_11_1000_AML_cell1.png,monocyte,"myeloblast cell. a cell with medium size, open nuclear chromatin, irregular nuclear shape, present nucleolus, moderate cytoplasm, slight basophilia, absent cytocyte, absent vacuoles.",leucemica
.\data\domain_control_crops_test\40_12_1000_AML_cell1.png,neutrophil,"neutrophil cell. a cell with medium size, dense nuclear chromatin, irregular nuclear shape, absent nucleolus, moderate cytoplasm, slight basophilia, absent cytocyte, absent vacuoles.",sana
.\data\domain_control_crops_test\40_12_1000_AML_cell2.png,lymphocyte,"lymphocyte cell. a cell with small size, dense nuclear chromatin, regular nuclear shape, absent nucleolus, scanty cytoplasm, absent basophilia, absent cytopmic vacuoles.",sana
.\data\domain_control_crops_test\40_14_1000_AML_cell1.png,neutrophil,"neutrophil cell. a cell with medium size, dense nuclear chromatin, irregular nuclear shape, absent nucleolus, moderate cytoplasm, slight basophilia, absent cytopoles.",sana
.\data\domain_control_crops_test\40_14_1000_AML_cell2.png,neutrophil,"neutrophil cell. a cell with medium size, dense nuclear chromatin, irregular nuclear shape, absent nucleolus, moderate cytoplasm, slight basophilia, absent cytoplocyte, absent vacuoles.",sana
.\data\domain_control_crops_test\40_14_1000_AML_cell3.png,lymphocyte,"lymphoblast cell. a cell with medium size, open nuclear chromatin, irregular nuclear shape, absent nucleolus, scanty cytoplasm, absent basophilia, absent vacuoles.",leucemica
.\data\domain_control_crops_test\40_15_1000_AML_cell1.png,monocyte,"metamyelocyte cell. a cell with medium size, dense nuclear chromatin, irregular nuclear shape, absent nucleolus, moderate cytoplasm, slight basophilia, absent vacuoles.",sana
.\data\domain_control_crops_test\40_16_1000_AML_cell1.png,eosinophil,"eosinophil cell. a cell with medium size, dense nuclear chromatin, irregular nuclear shape, absent nucleolus, moderate cytoplasm, slight basophilia, absentcyoles.",sana
.\data\domain_control_crops_test\40_16_1000_AML_cell2.png,neutrophil,"eosinophil cell. a cell with medium size, dense nuclear chromatin, irregular nuclear shape, absent nucleolus, moderate cytoplasm, slight basophilia, absent cytopoles.",sana
.\data\domain_control_crops_test\40_17_1000_AML_cell1.png,neutrophil,"myeloblast cell. a cell with medium size, open nuclear chromatin, irregular nuclear shape, present nucleolus, moderate cytoplasm, slight basophilia, absent cytocyte, absent vacuoles.",leucemica
.\data\domain_control_crops_test\40_18_1000_AML_cell1.png,neutrophil,"monocyte cell. a cell with medium size, dense nuclear chromatin, irregular nuclear shape, absent nucleolus, moderate cytoplasm, slight basophilia, present cytopoles.",sana
.\data\domain_control_crops_test\40_19_1000_AML_cell1.png,neutrophil,"neutrophil cell. a cell with medium size, dense nuclear chromatin, irregular nuclear shape, absent nucleolus, moderate cytoplasm, slight basophilia, absent cytopoles.",sana
.\data\domain_control_crops_test\40_20_1000_AML_cell1.png,monocyte,"neutrophil cell. a cell with medium size, dense nuclear chromatin, irregular nuclear shape, absent nucleolus, moderate cytoplasm, slight basophilia, absent cytopoles.",sana
.\data\domain_control_crops_test\40_20_1000_AML_cell2.png,monocyte,"monocyte cell. a cell with medium size, dense nuclear chromatin, irregular nuclear shape, absent nucleolus, moderate cytoplasm, slight basophilia, absent cytopoles.",sana
.\data\domain_control_crops_test\40_22_1000_AML_cell1.png,neutrophil,"eosinophil cell. a cell with medium size, dense nuclear chromatin, irregular nuclear shape, absent nucleolus, moderate cytoplasm, slight basophilia, absentcyoles.",sana
.\data\domain_control_crops_test\40_22_1000_AML_cell3.png,lymphocyte,"lymphoblast cell. a cell with small size, open nuclear chromatin, irregular nuclear shape, absent nucleolus, scanty cytoplasm, absent basophilia, absent vacuoles.",leucemica
.\data\domain_control_crops_test\40_23_1000_AML_cell1.png,monocyte,"eosinophil cell. a cell with medium size, dense nuclear chromatin, irregular nuclear shape, absent nucleolus, moderate cytoplasm, slight basophilia, absentcyoles.",sana
.\data\domain_control_crops_test\40_23_1000_AML_cell2.png,neutrophil,"eosinophil cell. a cell with medium size, dense nuclear chromatin, irregular nuclear shape, absent nucleolus, moderate cytoplasm, slight basophilia, absent vacuoles.",sana
.\data\domain_control_crops_test\40_24_1000_AML_cell1.png,neutrophil,"neutrophil cell. a cell with medium size, dense nuclear chromatin, irregular nuclear shape, absent nucleolus, moderate cytoplasm, slight basophilia, absent cytoplacyte, absent vacuoles.",sana
.\data\domain_control_crops_test\40_26_1000_AML_cell1.png,monocyte,"eosinophil cell. a cell with medium size, dense nuclear chromatin, irregular nuclear shape, absent nucleolus, moderate cytoplasm, slight basophilia, absentcyoles.",sana
.\data\domain_control_crops_test\40_26_1000_AML_cell2.png,monocyte,"myeloblast cell. a cell with medium size, open nuclear chromatin, irregular nuclear shape, present nucleolus, scanty cytoplasm, slight basophilia, absent vacuoles.",leucemica
.\data\domain_control_crops_test\40_27_1000_AML_cell2.png,lymphocyte,"lymphoblast cell. a cell with small size, open nuclear chromatin, irregular nuclear shape, absent nucleolus, scanty cytoplasm, absent basophilia, absent cytoplacyte, absent vacuoles.",leucemica
.\data\domain_control_crops_test\40_27_1000_AML_cell3.png,lymphocyte,"lymphoblast cell. a cell with small size, open nuclear chromatin, irregular nuclear shape, absent nucleolus, scanty cytoplasm, absent basophilia, absent cytopmic vacuoles.",leucemica
.\data\domain_control_crops_test\40_28_1000_AML_cell1.png,neutrophil,"eosinophil cell. a cell with medium size, dense nuclear chromatin, irregular nuclear shape, absent nucleolus, moderate cytoplasm, slight basophilia, absent cytocyte, absent vacuoles.",sana
.\data\domain_control_crops_test\40_28_1000_AML_cell2.png,neutrophil,"neutrophil cell. a cell with medium size, dense nuclear chromatin, irregular nuclear shape, absent nucleolus, moderate cytoplasm, slight basophilia, absent cytoplobed",sana
.\data\domain_control_crops_test\40_28_1000_AML_cell3.png,lymphocyte,"lymphoblast cell. a cell with small size, open nuclear chromatin, irregular nuclear shape, absent nucleolus, scanty cytoplasm, absent basophilia, absent cytopmic vacuoles.",leucemica
.\data\domain_control_crops_test\40_29_1000_AML_cell2.png,neutrophil,"neutrophil cell. a cell with medium size, dense nuclear chromatin, irregular nuclear shape, absent nucleolus, moderate cytoplasm, slight basophilia, absent cytoplobed vacuoles.",sana
.\data\domain_control_crops_test\40_3_1000_AML_cell1.png,monocyte,"metamyelocyte cell. a cell with medium size, dense nuclear chromatin, irregular nuclear shape, absent nucleolus, moderate cytoplasm, slight basophilia, absent cytopmic vacuoles.",sana
.\data\domain_control_crops_test\40_3_1000_AML_cell2.png,monocyte,"eosinophil cell. a cell with large size, dense nuclear chromatin, irregular nuclear shape, absent nucleolus, moderate cytoplasm, slight basophilia, absent cytoplobed vacuoles.",sana
.\data\domain_control_crops_test\40_32_1000_AML_cell1.png,neutrophil,"neutrophil cell. a cell with medium size, dense nuclear chromatin, irregular nuclear shape, absent nucleolus, moderate cytoplasm, slight basophilia, absent cytoplacyte, absent vacuoles.",sana
.\data\domain_control_crops_test\40_32_1000_AML_cell2.png,neutrophil,"neutrophil cell. a cell with medium size, dense nuclear chromatin, irregular nuclear shape, absent nucleolus, moderate cytoplasm, slight basophilia, absent cytocyte, absent vacuoles.",sana
.\data\domain_control_crops_test\40_33_1000_AML_cell1.png,neutrophil,"promonocyte cell. a cell with medium size, open nuclear chromatin, irregular nuclear shape, present nucleolus, moderate cytoplasm, slight basophilia, present cytolasmic vacuoles.",sana
.\data\domain_control_crops_test\40_34_1000_AML_cell2.png,monocyte,"monocyte cell. a cell with medium size, dense nuclear chromatin, irregular nuclear shape, absent nucleolus, moderate, slight basophilia, present cytoplasmic vacuoles.",sana
.\data\domain_control_crops_test\40_35_1000_AML_cell1.png,monocyte,"monocyte cell. a cell with medium size, dense nuclear chromatin, irregular nuclear shape, absent nucleolus, moderate cytoplasm, slight basophilia, present cytopoles.",sana
.\data\domain_control_crops_test\40_36_1000_AML_cell1.png,monocyte,"eosinophil cell. a cell with medium size, dense nuclear chromatin, irregular nuclear shape, absent nucleolus, moderate cytoplasm, slight basophilia, absent cytopoles.",sana
.\data\domain_control_crops_test\40_37_1000_AML_cell1.png,neutrophil,"neutrophil cell. a cell with medium size, dense nuclear chromatin, irregular nuclear shape, absent nucleolus, moderate cytoplasm, slight basophilia, absent cytocyte, absent vacuoles.",sana
.\data\domain_control_crops_test\40_38_1000_AML_cell1.png,neutrophil,"eosinophil cell. a cell with medium size, dense nuclear chromatin, irregular nuclear shape, absent nucleolus, moderate cytoplasm, slight basophilia, absent cytoplobed",sana
.\data\domain_control_crops_test\40_38_1000_AML_cell2.png,monocyte,"eosinophil cell. a cell with medium size, dense nuclear chromatin, irregular nuclear shape, absent nucleolus, moderate cytoplasm, slight basophilia, absent vacuoles.",sana
.\data\domain_control_crops_test\40_38_1000_AML_cell3.png,monocyte,"monocyte cell. a cell with medium size, dense nuclear chromatin, irregular nuclear shape, absent nucleolus, moderate cytoplasm, slight basophilia, present cytopoles.",sana
.\data\domain_control_crops_test\40_39_1000_AML_cell1.png,monocyte,"eosinophil cell. a cell with medium size, dense nuclear chromatin, irregular nuclear shape, absent nucleolus, moderate cytoplasm, slight basophilia, absent vacuoles.",sana
.\data\domain_control_crops_test\40_4_1000_AML_cell1.png,monocyte,"neutrophil cell. a cell with medium size, dense nuclear chromatin, irregular nuclear shape, absent nucleolus, moderate cytoplasm, slight basophilia, absent cytoplobed",sana
.\data\domain_control_crops_test\40_40_1000_AML_cell2.png,monocyte,"neutrophil cell. a cell with medium size, dense nuclear chromatin, irregular nuclear shape, absent nucleolus, moderate cytoplasm, slight basophilia, absent cytoplocyte, absent vacuoles.",sana
.\data\domain_control_crops_test\40_40_1000_AML_cell3.png,lymphocyte,"myeloblast cell. a cell with medium size, open nuclear chromatin, irregular nuclear shape, present nucleolus, scanty cytoplasm, slight basophilia, absentcyoles.",leucemica
.\data\domain_control_crops_test\40_40_1000_AML_cell4.png,lymphocyte,"lymphoblast cell. a cell with medium size, open nuclear chromatin, irregular nuclear shape, absent nucleolus, scanty cytoplasm, absent basophilia, absent cytopoles.",leucemica
.\data\domain_control_crops_test\40_41_1000_AML_cell1.png,eosinophil,"neutrophil cell. a cell with medium size, dense nuclear chromatin, irregular nuclear shape, absent nucleolus, moderate cytoplasm, slight basophilia, absent cytopoles.",sana
.\data\domain_control_crops_test\40_41_1000_AML_cell2.png,monocyte,"neutrophil cell. a cell with medium size, dense nuclear chromatin, irregular nuclear shape, absent nucleolus, moderate cytoplasm, slight basophilia, absent cytoplocyte cytoplacyte, present cytopmic vacuoles.",sana
.\data\domain_control_crops_test\40_42_1000_AML_cell1.png,monocyte,"neutrophil cell. a cell with medium size, dense nuclear chromatin, irregular nuclear shape, absent nucleolus, moderate cytoplasm, slight basophilia, absent cytoplocyte, present cytopoles.",sana
.\data\domain_control_crops_test\40_42_1000_AML_cell2.png,monocyte,"promonocyte cell. a cell with medium size, open nuclear chromatin, irregular nuclear shape, present nucleolus, moderate cytoplasm, slight basophilia, present cytocyte, presentolite, absent cytoplobedlasmic vacuoles.",sana
.\data\domain_control_crops_test\40_43_1000_AML_cell1.png,monocyte,"neutrophil cell. a cell with medium size, dense nuclear chromatin, irregular nuclear shape, absent nucleolus, moderate cytoplasm, slight basophilia, absent cytoplocyte, absent vacuoles.",sana
.\data\domain_control_crops_test\40_44_1000_AML_cell3.png,monocyte,"neutrophil cell. a cell with medium size, dense nuclear chromatin, irregular nuclear shape, absent nucleolus, moderate cytoplasm, slight basophilia, absent cytocyte cytoplobedlasmic vacuoles.",sana
.\data\domain_control_crops_test\40_46_1000_AML_cell1.png,monocyte,"neutrophil cell. a cell with medium size, dense nuclear chromatin, irregular nuclear shape, absent nucleolus, moderate cytoplasm, slight basophilia, absent cytoplacyte, absent vacuoles.",sana
.\data\domain_control_crops_test\40_47_1000_AML_cell1.png,eosinophil,"promonocyte cell. a cell with medium size, open nuclear chromatin, irregular nuclear shape, present nucleolus, moderate cytoplasm, slight basophilia, present cytolasmic vacuoles.",sana
.\data\domain_control_crops_test\40_49_1000_AML_cell1.png,neutrophil,"neutrophil cell. a cell with medium size, dense nuclear chromatin, irregular nuclear shape, absent nucleolus, moderate cytoplasm, slight basophilia, absent cytopoles.",sana
.\data\domain_control_crops_test\40_49_1000_AML_cell2.png,neutrophil,"neutrophil cell. a cell with medium size, dense nuclear chromatin, irregular nuclear shape, absent nucleolus, moderate cytoplasm, slight basophilia, absent cytocyte, absent vacuoles.",sana
.\data\domain_control_crops_test\40_49_1000_AML_cell3.png,lymphocyte,"lymphoblast cell. a cell with small size, open nuclear chromatin, irregular nuclear shape, absent nucleolus, scanty cytoplasm, absent basophilia, absent cytopmic vacuoles.",leucemica
.\data\domain_control_crops_test\40_5_1000_AML_cell1.png,neutrophil,"neutrophil cell. a cell with medium size, dense nuclear chromatin, irregular nuclear shape, absent nucleolus, moderate cytoplasm, slight basophilia, absent cytoplocyte, absent vacuoles.",sana
.\data\domain_control_crops_test\40_50_1000_AML_cell1.png,neutrophil,"neutrophil cell. a cell with medium size, dense nuclear chromatin, irregular nuclear shape, absent nucleolus, moderate cytoplasm, slight basophilia, absent cytoplocyte, absent vacuoles.",sana
.\data\domain_control_crops_test\40_50_1000_AML_cell2.png,neutrophil,"neutrophil cell. a cell with medium size, dense nuclear chromatin, irregular nuclear shape, absent nucleolus, moderate cytoplasm, slight basophilia, absent cytocyte, absent vacuoles.",sana
.\data\domain_control_crops_test\40_6_1000_AML_cell2.png,monocyte,"monocyte cell. a cell with medium size, dense nuclear chromatin, irregular nuclear shape, absent nucleolus, moderate cytoplasm, slight basophilia, present cytopoles.",sana
.\data\domain_control_crops_test\40_7_1000_AML_cell1.png,neutrophil,"neutrophil cell. a cell with medium size, dense nuclear chromatin, irregular nuclear shape, absent nucleolus, moderate cytoplasm, slight basophilia, absent cytoplobed",sana
.\data\domain_control_crops_test\40_8_1000_AML_cell1.png,neutrophil,"monocyte cell. a cell with medium size, dense nuclear chromatin, irregular nuclear shape, absent nucleolus, moderate cytoplasm, slight basophilia, absent cytopoles.",sana
.\data\domain_control_crops_test\40_8_1000_AML_cell2.png,monocyte,"neutrophil cell. a cell with medium size, dense nuclear chromatin, irregular nuclear shape, absent nucleolus, moderate cytoplasm, slight basophilia, absent cytopocyte cytopoles.",sana
.\data\domain_control_crops_test\40_9_1000_AML_cell1.png,lymphocyte,"lymphoblast cell. a cell with small size, open nuclear chromatin, irregular nuclear shape, absent nucleolus, scanty cytoplasm, absent basophilia, absent cytopmic vacuoles.",leucemica
.\data\domain_control_crops_test\40_9_1000_AML_cell3.png,neutrophil,"neutrophil cell. a cell with medium size, dense nuclear chromatin, irregular nuclear shape, absent nucleolus, moderate cytoplasm, slight basophilia, absent cytoplocyte, absent vacuoles.",sana
.\data\domain_control_crops_test\43_16_1000_AML_cell3.png,neutrophil,"neutrophil cell. a cell with medium size, dense nuclear chromatin, irregular nuclear shape, absent nucleolus, moderate cytoplasm, absent basophilia, absent cytopoles.",sana
.\data\domain_control_crops_test\43_30_1000_AML_cell1.png,neutrophil,"neutrophil cell. a cell with medium size, dense nuclear chromatin, irregular nuclear shape, absent nucleolus, moderate cytoplasm, slight basophilia, absent cytoplacyte, absent vacuoles.",sana
.\data\domain_control_crops_test\43_36_1000_AML_cell3.png,monocyte,"neutrophil cell. a cell with medium size, dense nuclear chromatin, irregular nuclear shape, absent nucleolus, moderate cytoplasm, slight basophilia, absent cytopoles.",sana
.\data\domain_control_crops_test\43_37_1000_AML_cell2.png,lymphocyte,"lymphocyte cell. a cell with small size, dense nuclear chromatin, regular nuclear shape, absent nucleolus, scanty cytoplasm, absent basophilia, absent cytopmic vacuoles.",sana
.\data\domain_control_crops_test\43_38_1000_AML_cell1.png,monocyte,"neutrophil cell. a cell with medium size, dense nuclear chromatin, irregular nuclear shape, absent nucleolus, moderate cytoplasm, slight basophilia, absent cytopoles.",sana
.\data\domain_control_crops_test\43_40_1000_AML_cell3.png,lymphocyte,"lymphoblast cell. a cell with medium size, open nuclear chromatin, irregular nuclear shape, absent nucleolus, scanty cytoplasm, absent basophilia, absent cytopoles.",leucemica
.\data\domain_control_crops_test\43_41_1000_AML_cell3.png,lymphocyte,"lymphocyte cell. a cell with small size, dense nuclear chromatin, regular nuclear shape, absent nucleolus, scanty cytoplasm, absent basophilia, absent cytopmic vacuoles.",sana
.\data\domain_control_crops_test\43_44_1000_AML_cell1.png,neutrophil,"neutrophil cell. a cell with medium size, dense nuclear chromatin, irregular nuclear shape, absent nucleolus, moderate cytoplasm, slight basophilia, absent cytopoles.",sana
.\data\domain_control_crops_test\43_46_1000_AML_cell2.png,neutrophil,"neutrophil cell. a cell with medium size, dense nuclear chromatin, irregular nuclear shape, absent nucleolus, moderate cytoplasm, slight basophilia, absent cytocyte, absent vacuoles.",sana
.\data\domain_control_crops_test\43_47_1000_AML_cell1.png,neutrophil,"neutrophil cell. a cell with medium size, dense nuclear chromatin, irregular nuclear shape, absent nucleolus, moderate cytoplasm, slight basophilia, absent cytocyte, absent vacuoles.",sana
.\data\domain_control_crops_test\43_48_1000_AML_cell1.png,lymphocyte,"lymphocyte cell. a cell with small size, dense nuclear chromatin, regular nuclear shape, absent nucleolus, scanty cytoplasm, absent basophilia, absent cytopmic vacuoles.",sana
.\data\domain_control_crops_test\43_55_1000_AML_cell1.png,neutrophil,"neutrophil cell. a cell with medium size, dense nuclear chromatin, irregular nuclear shape, absent nucleolus, moderate cytoplasm, slight basophilia, absent cytoplobedrophilia vacuoles.",sana
.\data\domain_control_crops_test\43_56_1000_AML_cell2.png,lymphocyte,"lymphocyte cell. a cell with small size, dense nuclear chromatin, regular nuclear shape, absent nucleolus, scanty cytoplasm, absent basophilia, absent cytopmic vacuoles.",sana
.\data\domain_control_crops_test\43_60_1000_AML_cell5.png,neutrophil,"neutrophil cell. a cell with medium size, dense nuclear chromatin, irregular nuclear shape, absent nucleolus, moderate cytoplasm, slight basophilia, absent cytoplacyte cytoplobed vacuoles.",sana
.\data\domain_control_crops_test\43_62_1000_AML_cell1.png,monocyte,"metamyelocyte cell. a cell with medium size, dense nuclear chromatin, irregular nuclear shape, absent nucleolus, moderate cytoplasm, slight basophilia, absent vacuoles.",sana
.\data\domain_control_crops_test\43_9_1000_AML_cell1.png,neutrophil,"neutrophil cell. a cell with medium size, dense nuclear chromatin, irregular nuclear shape, absent nucleolus, moderate cytoplasm, absent basophilia, absent cytoplocyte cytopoles.",sana
.\data\domain_control_crops_test\43_9_1000_AML_cell2.png,lymphocyte,"lymphocyte cell. a cell with small size, dense nuclear chromatin, regular nuclear shape, absent nucleolus, scanty cytoplasm, absent basophilia, absent cytopmic vacuoles.",sana
.\data\domain_control_crops_test\34_10_1000_AML_cell2.png,neutrophil,"neutrophil cell. a cell with medium size, dense nuclear chromatin, irregular nuclear shape, absent nucleolus, moderate cytoplasm, slight basophilia, absent cytoplobed",sana
.\data\domain_control_crops_test\34_11_1000_AML_cell1.png,neutrophil,"neutrophil cell. a cell with medium size, dense nuclear chromatin, irregular nuclear shape, absent nucleolus, moderate cytoplasm, slight basophilia, absent cytoplocyoles.",sana
.\data\domain_control_crops_test\34_13_1000_AML_cell1.png,neutrophil,"neutrophil cell. a cell with medium size, dense nuclear chromatin, irregular nuclear shape, absent nucleolus, moderate cytoplasm, slight basophilia, absent cytoplocyte, absent vacuoles.",sana
.\data\domain_control_crops_test\34_18_1000_AML_cell2.png,neutrophil,"neutrophil cell. a cell with medium size, dense nuclear chromatin, irregular nuclear shape, absent nucleolus, moderate cytoplasm, slight basophilia, absent cytoplocyte, absent vacuoles.",sana
.\data\domain_control_crops_test\34_2_1000_AML_cell1.png,neutrophil,"monocyte cell. a cell with medium size, dense nuclear chromatin, irregular nuclear shape, absent nucleolus, moderate cytoplasm, slight basophilia, present cytop",sana
.\data\domain_control_crops_test\34_21_1000_AML_cell1.png,neutrophil,"promonocyte cell. a cell with medium size, open nuclear chromatin, irregular nuclear shape, present nucleolus, moderate cytoplasm, slight basophilia, present cytoplacyte, prom - to - eosimic vacuoles.",sana
.\data\domain_control_crops_test\34_21_1000_AML_cell2.png,neutrophil,"neutrophil cell. a cell with medium size, dense nuclear chromatin, irregular nuclear shape, absent nucleolus, moderate cytoplasm, slight basophilia, absent cytoplocyoles.",sana
.\data\domain_control_crops_test\34_22_1000_AML_cell1.png,neutrophil,"eosinophil cell. a cell with medium size, dense nuclear chromatin, irregular nuclear shape, absent nucleolus, moderate cytoplasm, slight basophilia, absent cytoplocyte, absent vacuoles.",sana
.\data\domain_control_crops_test\34_22_1000_AML_cell2.png,lymphocyte,"lymphocyte cell. a cell with small size, dense nuclear chromatin, regular nuclear shape, absent nucleolus, scanty cytoplasm, absent basophilia, absent cytopoles.",sana
.\data\domain_control_crops_test\34_23_1000_AML_cell2.png,neutrophil,"neutrophil cell. a cell with medium size, dense nuclear chromatin, irregular nuclear shape, absent nucleolus, moderate cytoplasm, slight basophilia, absent cytocyte, absent vacuoles.",sana
.\data\domain_control_crops_test\34_24_1000_AML_cell1.png,neutrophil,"neutrophil cell. a cell with medium size, dense nuclear chromatin, irregular nuclear shape, absent nucleolus, moderate cytoplasm, slight basophilia, absent cytoplocyte, absent vacuoles.",sana
.\data\domain_control_crops_test\34_24_1000_AML_cell2.png,neutrophil,"neutrophil cell. a cell with medium size, dense nuclear chromatin, irregular nuclear shape, absent nucleolus, moderate cytoplasm, slight basophilia, absent cytoplobed",sana
.\data\domain_control_crops_test\34_25_1000_AML_cell3.png,neutrophil,"neutrophil cell. a cell with medium size, dense nuclear chromatin, irregular nuclear shape, absent nucleolus, moderate cytoplasm, slight basophilia, absent cytoplocyte, absent vacuoles.",sana
.\data\domain_control_crops_test\34_26_1000_AML_cell1.png,neutrophil,"neutrophil cell. a cell with medium size, dense nuclear chromatin, irregular nuclear shape, absent nucleolus, moderate cytoplasm, slight basophilia, absent cytopoles.",sana
.\data\domain_control_crops_test\34_27_1000_AML_cell1.png,monocyte,"promonocyte cell. a cell with medium size, open nuclear chromatin, irregular nuclear shape, present nucleolus, moderate cytoplasm, slight basophilia, present cytocyte, present pink vacuoles.",sana
.\data\domain_control_crops_test\34_29_1000_AML_cell1.png,neutrophil,"neutrophil cell. a cell with medium size, dense nuclear chromatin, irregular nuclear shape, absent nucleolus, moderate cytoplasm, slight basophilia, absent cytocyte cytoplobed vacuoles.",sana
.\data\domain_control_crops_test\34_30_1000_AML_cell1.png,neutrophil,"neutrophil cell. a cell with medium size, dense nuclear chromatin, irregular nuclear shape, absent nucleolus, moderate cytoplasm, slight basophilia, absent cytopoles.",sana
.\data\domain_control_crops_test\34_31_1000_AML_cell1.png,monocyte,"promonocyte cell. a cell with large size, open nuclear chromatin, irregular nuclear shape, present nucleolus, moderate cytoplasm, slight basophilia, present cytoplobed",sana
.\data\domain_control_crops_test\34_32_1000_AML_cell1.png,neutrophil,"eosinophil cell. a cell with medium size, dense nuclear chromatin, irregular nuclear shape, absent nucleolus, moderate cytoplasm, slight basophilia, absent cytopoles.",sana
.\data\domain_control_crops_test\34_34_1000_AML_cell1.png,neutrophil,"neutrophil cell. a cell with medium size, dense nuclear chromatin, irregular nuclear shape, absent nucleolus, moderate cytoplasm, slight basophilia, absent cytoplobed",sana
.\data\domain_control_crops_test\34_34_1000_AML_cell3.png,monocyte,"myeloblast cell. a cell with medium size, open nuclear chromatin, irregular nuclear shape, present nucleolus, moderate cytoplasm, slight basophilia, absent cytoplacyte, absent vacuoles.",leucemica
.\data\domain_control_crops_test\34_35_1000_AML_cell2.png,neutrophil,"eosinophil cell. a cell with medium size, dense nuclear chromatin, irregular nuclear shape, absent nucleolus, moderate cytoplasm, slight basophilia, absent cytopoles.",sana
.\data\domain_control_crops_test\34_35_1000_AML_cell3.png,neutrophil,"neutrophil cell. a cell with medium size, dense nuclear chromatin, irregular nuclear shape, absent nucleolus, moderate cytoplasm, slight basophilia, absent cytopoles.",sana
.\data\domain_control_crops_test\34_36_1000_AML_cell1.png,neutrophil,"neutrophil cell. a cell with medium size, dense nuclear chromatin, irregular nuclear shape, absent nucleolus, moderate cytoplasm, slight basophilia, absent cytoplobed",sana
.\data\domain_control_crops_test\34_36_1000_AML_cell2.png,lymphocyte,"lymphoblast cell. a cell with small size, open nuclear chromatin, irregular nuclear shape, absent nucleolus, scanty cytoplasm, absent basophilia, absent cytopmic vacuoles.",leucemica
.\data\domain_control_crops_test\34_37_1000_AML_cell2.png,monocyte,"neutrophil cell. a cell with medium size, dense nuclear chromatin, irregular nuclear shape, absent nucleolus, moderate cytoplasm, slight basophilia, absent cytoplocyte cytopoles.",sana
.\data\domain_control_crops_test\34_4_1000_AML_cell3.png,neutrophil,"neutrophil cell. a cell with medium size, dense nuclear chromatin, irregular nuclear shape, absent nucleolus, moderate cytoplasm, slight basophilia, absent cytoplobed",sana
.\data\domain_control_crops_test\34_4_1000_AML_cell4.png,neutrophil,"neutrophil cell. a cell with medium size, dense nuclear chromatin, irregular nuclear shape, absent nucleolus, moderate cytoplasm, slight basophilia, absent cytopoles.",sana
.\data\domain_control_crops_test\34_40_1000_AML_cell1.png,neutrophil,"neutrophil cell. a cell with medium size, dense nuclear chromatin, irregular nuclear shape, absent nucleolus, moderate cytoplasm, slight basophilia, absent cytoplobed",sana
.\data\domain_control_crops_test\34_42_1000_AML_cell2.png,neutrophil,"neutrophil cell. a cell with medium size, dense nuclear chromatin, irregular nuclear shape, absent nucleolus, moderate cytoplasm, slight basophilia, absent cytocyte, absent vacuoles.",sana
.\data\domain_control_crops_test\34_42_1000_AML_cell3.png,neutrophil,"neutrophil cell. a cell with medium size, dense nuclear chromatin, irregular nuclear shape, absent nucleolus, moderate cytoplasm, slight basophilia, absent cytopoles.",sana
.\data\domain_control_crops_test\34_43_1000_AML_cell2.png,lymphocyte,"lymphoblast cell. a cell with medium size, open nuclear chromatin, irregular nuclear shape, absent nucleolus, scanty cytoplasm, absent basophilia, absent cytopmic vacuoles.",leucemica
.\data\domain_control_crops_test\34_44_1000_AML_cell1.png,neutrophil,"neutrophil cell. a cell with medium size, dense nuclear chromatin, irregular nuclear shape, absent nucleolus, moderate cytoplasm, slight basophilia, absent cytoplacyte cytoplobed vacuoles.",sana
.\data\domain_control_crops_test\34_46_1000_AML_cell1.png,neutrophil,"neutrophil cell. a cell with medium size, dense nuclear chromatin, irregular nuclear shape, absent nucleolus, moderate cytoplasm, slight basophilia, absent cytopoles.",sana
.\data\domain_control_crops_test\34_5_1000_AML_cell1.png,neutrophil,"eosinophil cell. a cell with medium size, dense nuclear chromatin, irregular nuclear shape, absent nucleolus, moderate cytoplasm, slight basophilia, absent cytoplocyte, absent vacuoles.",sana
.\data\domain_control_crops_test\34_6_1000_AML_cell2.png,neutrophil,"metamyelocyte cell. a cell with medium size, dense nuclear chromatin, irregular nuclear shape, absent nucleolus, moderate cytoplasm, slight basophilia, absent vacuoles.",sana
.\data\domain_control_crops_test\34_8_1000_AML_cell1.png,neutrophil,"neutrophil cell. a cell with medium size, dense nuclear chromatin, irregular nuclear shape, absent nucleolus, moderate cytoplasm, slight basophilia, absent cytoplobed",sana
.\data\domain_control_crops_test\34_8_1000_AML_cell2.png,neutrophil,"eosinophil cell. a cell with medium size, dense nuclear chromatin, irregular nuclear shape, absent nucleolus, moderate cytoplasm, slight basophilia, absent cytoplobed red.",sana
.\data\domain_control_crops_test\34_9_1000_AML_cell1.png,neutrophil,"lymphoblast cell. a cell with medium size, open nuclear chromatin, irregular nuclear shape, absent nucleolus, scanty cytoplasm, absent basophilia, absent cytoplacyte, absent vacuoles.",leucemica
.\data\domain_control_crops_test\34_9_1000_AML_cell3.png,neutrophil,"lymphoblast cell. a cell with medium size, open nuclear chromatin, irregular nuclear shape, absent nucleolus, scanty cytoplasm, absent basophilia, absent cytopoles.",leucemica
.\data\domain_control_crops_test\45_12_1000_AML_cell2.png,monocyte,"neutrophil cell. a cell with medium size, dense nuclear chromatin, irregular nuclear shape, absent nucleolus, moderate cytoplasm, slight basophilia, absent cytopoles.",sana
.\data\domain_control_crops_test\45_12_1000_AML_cell3.png,monocyte,"neutrophil cell. a cell with medium size, dense nuclear chromatin, irregular nuclear shape, absent nucleolus, moderate cytoplasm, slight basophilia, absent cytopoles.",sana
.\data\domain_control_crops_test\45_13_1000_AML_cell1.png,neutrophil,"neutrophil cell. a cell with medium size, dense nuclear chromatin, irregular nuclear shape, absent nucleolus, moderate cytoplasm, slight basophilia, absent cytoplobed",sana
.\data\domain_control_crops_test\45_14_1000_AML_cell2.png,neutrophil,"eosinophil cell. a cell with medium size, dense nuclear chromatin, irregular nuclear shape, absent nucleolus, moderate cytoplasm, slight basophilia, absent cytoplobed",sana
.\data\domain_control_crops_test\45_16_1000_AML_cell2.png,monocyte,"eosinophil cell. a cell with medium size, dense nuclear chromatin, irregular nuclear shape, absent nucleolus, moderate cytoplasm, slight basophilia, absent cytopoles.",sana
.\data\domain_control_crops_test\45_16_1000_AML_cell3.png,monocyte,"eosinophil cell. a cell with medium size, dense nuclear chromatin, irregular nuclear shape, absent nucleolus, moderate cytoplasm, slight basophilia, absent cytoplobed red.",sana
.\data\domain_control_crops_test\45_16_1000_AML_cell4.png,lymphocyte,"lymphoblast cell. a cell with small size, open nuclear chromatin, irregular nuclear shape, absent nucleolus, scanty cytoplasm, absent basophilia, absent cytopoles.",leucemica
.\data\domain_control_crops_test\45_17_1000_AML_cell1.png,monocyte,"neutrophil cell. a cell with medium size, dense nuclear chromatin, irregular nuclear shape, absent nucleolus, moderate cytoplasm, slight basophilia, absent cytoplobed vacuoles.",sana
.\data\domain_control_crops_test\45_18_1000_AML_cell6.png,monocyte,"neutrophil cell. a cell with medium size, dense nuclear chromatin, irregular nuclear shape, absent nucleolus, moderate cytoplasm, slight basophilia, absent cytoplobed",sana
.\data\domain_control_crops_test\45_19_1000_AML_cell3.png,neutrophil,"neutrophil cell. a cell with medium size, dense nuclear chromatin, irregular nuclear shape, absent nucleolus, moderate cytoplasm, slight basophilia, absent cytoplobed",sana
.\data\domain_control_crops_test\45_2_1000_AML_cell1.png,monocyte,"monocyte cell. a cell with medium size, dense nuclear chromatin, irregular nuclear shape, absent nucleolus, moderate cytoplasm, slight basophilia, present cytoplolasmic vacuoles.",sana
.\data\domain_control_crops_test\45_2_1000_AML_cell5.png,monocyte,"eosinophil cell. a cell with medium size, dense nuclear chromatin, irregular nuclear shape, absent nucleolus, moderate cytoplasm, slight basophilia, absent cytoplocyte, absent vacuoles.",sana
.\data\domain_control_crops_test\45_2_1000_AML_cell7.png,lymphocyte,"lymphoblast cell. a cell with small size, open nuclear chromatin, irregular nuclear shape, absent nucleolus, scanty cytoplasm, absent basophilia, absent cytopmic vacuoles.",leucemica
.\data\domain_control_crops_test\45_22_1000_AML_cell1.png,monocyte,"neutrophil cell. a cell with medium size, dense nuclear chromatin, irregular nuclear shape, absent nucleolus, moderate cytoplasm, slight basophilia, absent cytoplocyte cytocyoles.",sana
.\data\domain_control_crops_test\45_22_1000_AML_cell2.png,monocyte,"neutrophil cell. a cell with medium size, dense nuclear chromatin, irregular nuclear shape, absent nucleolus, moderate cytoplasm, slight basophilia, absent cytoplocyoles.",sana
.\data\domain_control_crops_test\45_24_1000_AML_cell2.png,monocyte,"neutrophil cell. a cell with medium size, dense nuclear chromatin, irregular nuclear shape, absent nucleolus, moderate cytoplasm, slight basophilia, absent cytoplacyoles.",sana
.\data\domain_control_crops_test\45_24_1000_AML_cell3.png,lymphocyte,"lymphoblast cell. a cell with small size, open nuclear chromatin, irregular nuclear shape, absent nucleolus, scanty cytoplasm, absent basophilia, absent cytopoles.",leucemica
.\data\domain_control_crops_test\45_24_1000_AML_cell4.png,lymphocyte,"lymphocyte cell. a cell with small size, dense nuclear chromatin, regular nuclear shape, absent nucleolus, scanty cytoplasm, absent basophilia, absent cytopmic vacuoles.",sana
.\data\domain_control_crops_test\45_25_1000_AML_cell1.png,neutrophil,"neutrophil cell. a cell with medium size, dense nuclear chromatin, irregular nuclear shape, absent nucleolus, moderate cytoplasm, slight basophilia, absent cytopoles.",sana
.\data\domain_control_crops_test\45_25_1000_AML_cell2.png,neutrophil,"eosinophil cell. a cell with medium size, dense nuclear chromatin, irregular nuclear shape, absent nucleolus, moderate cytoplasm, slight basophilia, absent cytocyte, absent vacuoles.",sana
.\data\domain_control_crops_test\45_26_1000_AML_cell4.png,lymphocyte,"lymphocyte cell. a cell with small size, dense nuclear chromatin, regular nuclear shape, absent nucleolus, scanty cytoplasm, absent basophilia, absent cytopoles.",sana
.\data\domain_control_crops_test\45_27_1000_AML_cell5.png,neutrophil,"neutrophil cell. a cell with medium size, dense nuclear chromatin, irregular nuclear shape, absent nucleolus, moderate cytoplasm, slight basophilia, absent cytoplacyolus vacuoles.",sana
.\data\domain_control_crops_test\45_28_1000_AML_cell1.png,neutrophil,"neutrophil cell. a cell with medium size, dense nuclear chromatin, irregular nuclear shape, absent nucleolus, moderate cytoplasm, slight basophilia, absent cytoplocyte, absent vacuoles.",sana
.\data\domain_control_crops_test\45_28_1000_AML_cell2.png,neutrophil,"neutrophil cell. a cell with medium size, dense nuclear chromatin, irregular nuclear shape, absent nucleolus, moderate cytoplasm, slight basophilia, absent cytopoles.",sana
.\data\domain_control_crops_test\45_29_1000_AML_cell4.png,monocyte,"eosinophil cell. a cell with medium size, dense nuclear chromatin, irregular nuclear shape, absent nucleolus, moderate cytoplasm, slight basophilia, absent cytoplobed",sana
.\data\domain_control_crops_test\45_29_1000_AML_cell5.png,monocyte,"neutrophil cell. a cell with medium size, dense nuclear chromatin, irregular nuclear shape, absent nucleolus, moderate cytoplasm, slight basophilia, absent cytoplocyte, absent vacuoles.",sana
.\data\domain_control_crops_test\45_30_1000_AML_cell1.png,neutrophil,"neutrophil cell. a cell with medium size, dense nuclear chromatin, irregular nuclear shape, absent nucleolus, moderate cytoplasm, slight basophilia, absent cytoplocyolus vacuoles.",sana
.\data\domain_control_crops_test\45_30_1000_AML_cell3.png,eosinophil,"eosinophil cell. a cell with medium size, dense nuclear chromatin, irregular nuclear shape, absent nucleolus, moderate cytoplasm, slight basophilia, absent cytoplobed vacuoles.",sana
.\data\domain_control_crops_test\45_31_1000_AML_cell2.png,neutrophil,"neutrophil cell. a cell with medium size, dense nuclear chromatin, irregular nuclear shape, absent nucleolus, moderate cytoplasm, slight basophilia, absent cytopoles.",sana
.\data\domain_control_crops_test\45_32_1000_AML_cell6.png,monocyte,"neutrophil cell. a cell with medium size, dense nuclear chromatin, irregular nuclear shape, absent nucleolus, moderate cytoplasm, slight basophilia, absent cytopoles.",sana
.\data\domain_control_crops_test\45_32_1000_AML_cell7.png,lymphocyte,"lymphocyte cell. a cell with small size, dense nuclear chromatin, regular nuclear shape, absent nucleolus, scanty cytoplasm, absent basophilia, absent cytopmic vacuoles.",sana
.\data\domain_control_crops_test\45_33_1000_AML_cell1.png,lymphocyte,"lymphocyte cell. a cell with small size, dense nuclear chromatin, regular nuclear shape, absent nucleolus, scanty cytoplasm, absent basophilia, absent cytopoles.",sana
.\data\domain_control_crops_test\45_38_1000_AML_cell3.png,monocyte,"neutrophil cell. a cell with medium size, dense nuclear chromatin, irregular nuclear shape, absent nucleolus, moderate cytoplasm, slight basophilia, absent cytoplocyoles.",sana
.\data\domain_control_crops_test\45_38_1000_AML_cell4.png,lymphocyte,"lymphocyte cell. a cell with small size, dense nuclear chromatin, regular nuclear shape, absent nucleolus, scanty cytoplasm, absent basophilia, absent cytopoles.",sana
.\data\domain_control_crops_test\45_39_1000_AML_cell1.png,monocyte,"neutrophil cell. a cell with medium size, dense nuclear chromatin, irregular nuclear shape, absent nucleolus, moderate cytoplasm, slight basophilia, absent cytopoles.",sana
.\data\domain_control_crops_test\45_39_1000_AML_cell2.png,monocyte,"myeloblast cell. a cell with medium size, open nuclear chromatin, irregular nuclear shape, present nucleolus, moderate cytoplasm, slight basophilia, absent cytoplobed",leucemica
.\data\domain_control_crops_test\45_39_1000_AML_cell3.png,neutrophil,"neutrophil cell. a cell with medium size, dense nuclear chromatin, irregular nuclear shape, absent nucleolus, moderate cytoplasm, slight basophilia, absent cytopoles.",sana
.\data\domain_control_crops_test\45_40_1000_AML_cell3.png,neutrophil,"neutrophil cell. a cell with medium size, dense nuclear chromatin, irregular nuclear shape, absent nucleolus, moderate cytoplasm, slight basophilia, absent cytoplacyte cytopoles.",sana
.\data\domain_control_crops_test\45_41_1000_AML_cell1.png,monocyte,"neutrophil cell. a cell with medium size, dense nuclear chromatin, irregular nuclear shape, absent nucleolus, moderate cytoplasm, slight basophilia, absent cytopoles.",sana
.\data\domain_control_crops_test\45_41_1000_AML_cell3.png,lymphocyte,"lymphocyte cell. a cell with small size, dense nuclear chromatin, regular nuclear shape, absent nucleolus, scanty cytoplasm, absent basophilia, absent cytopmic vacuoles.",sana
.\data\domain_control_crops_test\45_42_1000_AML_cell1.png,lymphocyte,"lymphocyte cell. a cell with small size, dense nuclear chromatin, regular nuclear shape, absent nucleolus, scanty cytoplasm, absent basophilia, absent cytopmic vacuoles.",sana
.\data\domain_control_crops_test\45_43_1000_AML_cell5.png,lymphocyte,"lymphocyte cell. a cell with small size, dense nuclear chromatin, regular nuclear shape, absent nucleolus, scanty cytoplasm, absent basophilia, absent cytopmic vacuoles.",sana
.\data\domain_control_crops_test\45_43_1000_AML_cell6.png,lymphocyte,"lymphocyte cell. a cell with small size, dense nuclear chromatin, regular nuclear shape, absent nucleolus, scanty cytoplasm, absent basophilia, absent cytopmic vacuoles.",sana
.\data\domain_control_crops_test\45_45_1000_AML_cell4.png,neutrophil,"neutrophil cell. a cell with medium size, dense nuclear chromatin, irregular nuclear shape, absent nucleolus, moderate cytoplasm, slight basophilia, absent cytopmic vacuoles.",sana
.\data\domain_control_crops_test\45_45_1000_AML_cell5.png,monocyte,"myelocyte cell. a cell with medium size, dense nuclear chromatin, irregular nuclear shape, absent nucleolus, moderate cytoplasm, slight basophilia, absent cytoplacyte cytoplobed vacuoles.",sana
.\data\domain_control_crops_test\45_46_1000_AML_cell2.png,neutrophil,"neutrophil cell. a cell with medium size, dense nuclear chromatin, irregular nuclear shape, absent nucleolus, moderate cytoplasm, slight basophilia, absent cytopoles.",sana
.\data\domain_control_crops_test\45_47_1000_AML_cell2.png,neutrophil,"neutrophil cell. a cell with medium size, dense nuclear chromatin, irregular nuclear shape, absent nucleolus, moderate cytoplasm, slight basophilia, absent cytopoles.",sana
.\data\domain_control_crops_test\45_47_1000_AML_cell3.png,monocyte,"lymphoblast cell. a cell with medium size, open nuclear chromatin, irregular nuclear shape, absent nucleolus, moderate cytoplasm, absent basophilia, absent vacuoles.",leucemica
.\data\domain_control_crops_test\45_48_1000_AML_cell1.png,monocyte,"neutrophil cell. a cell with medium size, dense nuclear chromatin, irregular nuclear shape, absent nucleolus, moderate cytoplasm, slight basophilia, absent cytopoles.",sana
.\data\domain_control_crops_test\45_48_1000_AML_cell2.png,monocyte,"neutrophil cell. a cell with medium size, dense nuclear chromatin, irregular nuclear shape, absent nucleolus, moderate cytoplasm, slight basophilia, absent cytocyte, absent vacuoles.",sana
.\data\domain_control_crops_test\45_5_1000_AML_cell1.png,monocyte,"neutrophil cell. a cell with medium size, dense nuclear chromatin, irregular nuclear shape, absent nucleolus, moderate cytoplasm, slight basophilia, absent cytoplobed red cell.",sana
.\data\domain_control_crops_test\45_50_1000_AML_cell6.png,neutrophil,"abnormal promyelocyte cell. a cell with medium size, open nuclear chromatin, irregular nuclear shape, present nucleolus, moderate cytoplasm, slight basophilia, absentmic vacuoles.",leucemica
.\data\domain_control_crops_test\45_51_1000_AML_cell3.png,monocyte,"neutrophil cell. a cell with medium size, dense nuclear chromatin, irregular nuclear shape, absent nucleolus, moderate cytoplasm, slight basophilia, absent cytoplobed",sana
.\data\domain_control_crops_test\45_51_1000_AML_cell4.png,neutrophil,"neutrophil cell. a cell with medium size, dense nuclear chromatin, irregular nuclear shape, absent nucleolus, moderate cytoplasm, slight basophilia, absent cytopoles.",sana
.\data\domain_control_crops_test\45_51_1000_AML_cell5.png,lymphocyte,"lymphocyte cell. a cell with small size, dense nuclear chromatin, regular nuclear shape, absent nucleolus, scanty cytoplasm, absent basophilia, absent cytopoles.",sana
.\data\domain_control_crops_test\45_52_1000_AML_cell1.png,lymphocyte,"lymphocyte cell. a cell with small size, dense nuclear chromatin, regular nuclear shape, absent nucleolus, scanty cytoplasm, absent basophilia, absent cytopoles.",sana
.\data\domain_control_crops_test\45_52_1000_AML_cell2.png,monocyte,"eosinophil cell. a cell with medium size, dense nuclear chromatin, irregular nuclear shape, absent nucleolus, moderate cytoplasm, slight basophilia, absent cytoplocyte, absent vacuoles.",sana
.\data\domain_control_crops_test\45_53_1000_AML_cell10.png,monocyte,"eosinophil cell. a cell with medium size, dense nuclear chromatin, irregular nuclear shape, absent nucleolus, moderate cytoplasm, slight basophilia, absent cytopoles.",sana
.\data\domain_control_crops_test\45_53_1000_AML_cell7.png,neutrophil,"neutrophil cell. a cell with medium size, dense nuclear chromatin, irregular nuclear shape, absent nucleolus, moderate cytoplasm, slight basophilia, absent cytoplocyte cytopoles.",sana
.\data\domain_control_crops_test\45_53_1000_AML_cell8.png,neutrophil,"lymphoblast cell. a cell with medium size, dense nuclear chromatin, irregular nuclear shape, absent nucleolus, moderate cytoplasm, absent basophilia, absent vacuoles.",leucemica
.\data\domain_control_crops_test\45_53_1000_AML_cell9.png,monocyte,"neutrophil cell. a cell with medium size, dense nuclear chromatin, irregular nuclear shape, absent nucleolus, moderate cytoplasm, slight basophilia, absent cytopmic vacuoles.",sana
.\data\domain_control_crops_test\45_55_1000_AML_cell1.png,monocyte,"neutrophil cell. a cell with medium size, dense nuclear chromatin, irregular nuclear shape, absent nucleolus, moderate cytoplasm, slight basophilia, absent cytopoles.",sana
.\data\domain_control_crops_test\45_55_1000_AML_cell2.png,monocyte,"neutrophil cell. a cell with medium size, dense nuclear chromatin, irregular nuclear shape, absent nucleolus, moderate cytoplasm, slight basophilia, absent cytopoles.",sana
.\data\domain_control_crops_test\45_56_1000_AML_cell4.png,monocyte,"neutrophil cell. a cell with medium size, dense nuclear chromatin, irregular nuclear shape, absent nucleolus, moderate cytoplasm, slight basophilia, absent cytopmic vacuoles.",sana
.\data\domain_control_crops_test\45_56_1000_AML_cell5.png,monocyte,"neutrophil cell. a cell with medium size, dense nuclear chromatin, irregular nuclear shape, absent nucleolus, moderate cytoplasm, slight basophilia, absent cytoplobedrophilia vacuoles.",sana
.\data\domain_control_crops_test\45_56_1000_AML_cell6.png,monocyte,"eosinophil cell. a cell with medium size, dense nuclear chromatin, irregular nuclear shape, absent nucleolus, moderate cytoplasm, slight basophilia, absent cytoplobed vacuoles.",sana
.\data\domain_control_crops_test\45_57_1000_AML_cell1.png,neutrophil,"eosinophil cell. a cell with medium size, dense nuclear chromatin, irregular nuclear shape, absent nucleolus, moderate cytoplasm, slight basophilia, absent cytoplobed vacuoles.",sana
.\data\domain_control_crops_test\45_59_1000_AML_cell5.png,monocyte,"eosinophil cell. a cell with medium size, dense nuclear chromatin, irregular nuclear shape, absent nucleolus, moderate cytoplasm, slight basophilia, absent cytopoles.",sana
.\data\domain_control_crops_test\45_59_1000_AML_cell6.png,monocyte,"lymphoblast cell. a cell with medium size, dense nuclear chromatin, irregular nuclear shape, absent nucleolus, moderate cytoplasm, absent basophilia, absent vacuoles.",leucemica
.\data\domain_control_crops_test\45_7_1000_AML_cell1.png,neutrophil,"eosinophil cell. a cell with medium size, dense nuclear chromatin, irregular nuclear shape, absent nucleolus, moderate cytoplasm, slight basophilia, absent cytopoles.",sana
.\data\domain_control_crops_test\6_1_1000_ALL_cell1.png,eosinophil,"neutrophil cell. a cell with medium size, dense nuclear chromatin, irregular nuclear shape, absent nucleolus, moderate cytoplasm, slight basophilia, absent cytoplobed",sana
.\data\domain_control_crops_test\6_11_1000_ALL_cell1.png,eosinophil,"eosinophil cell. a cell with medium size, dense nuclear chromatin, irregular nuclear shape, absent nucleolus, moderate cytoplasm, slight basophilia, absent cytoplocyte, absent basoplasmic vacuoles.",sana
.\data\domain_control_crops_test\6_14_1000_ALL_cell1.png,eosinophil,"neutrophil cell. a cell with medium size, dense nuclear chromatin, irregular nuclear shape, absent nucleolus, moderate cytoplasm, slight basophilia, absent cytoplobed",sana
.\data\domain_control_crops_test\6_16_1000_ALL_cell1.png,lymphocyte,"lymphocyte cell. a cell with small size, dense nuclear chromatin, regular nuclear shape, absent nucleolus, scanty cytoplasm, absent basophilia, absent cytopmic vacuoles.",sana
.\data\domain_control_crops_test\6_17_1000_ALL_cell1.png,eosinophil,"neutrophil cell. a cell with medium size, dense nuclear chromatin, irregular nuclear shape, absent nucleolus, moderate cytoplasm, slight basophilia, absent cytoplocyoles.",sana
.\data\domain_control_crops_test\6_19_1000_ALL_cell2.png,lymphocyte,"lymphoblast cell. a cell with medium size, open nuclear chromatin, irregular nuclear shape, absent nucleolus, scanty cytoplasm, absent basophilia, absent cytopmic vacuoles.",leucemica
.\data\domain_control_crops_test\6_23_1000_ALL_cell1.png,lymphocyte,"lymphocyte cell. a cell with small size, dense nuclear chromatin, regular nuclear shape, absent nucleolus, scanty cytoplasm, absent basophilia, absent cytopmic vacuoles.",sana
.\data\domain_control_crops_test\6_25_1000_ALL_cell1.png,eosinophil,"eosinophil cell. a cell with medium size, dense nuclear chromatin, irregular nuclear shape, absent nucleolus, moderate cytoplasm, slight basophilia, absent cytoplobed vacuoles.",sana
.\data\domain_control_crops_test\6_25_1000_ALL_cell2.png,eosinophil,"eosinophil cell. a cell with medium size, dense nuclear chromatin, irregular nuclear shape, absent nucleolus, moderate cytoplasm, slight basophilia, absent cytopoles.",sana
.\data\domain_control_crops_test\6_28_1000_ALL_cell1.png,eosinophil,"neutrophil cell. a cell with medium size, dense nuclear chromatin, irregular nuclear shape, absent nucleolus, moderate cytoplasm, slight basophilia, absent cytoplocyte cytopoles.",sana
.\data\domain_control_crops_test\6_29_1000_ALL_cell1.png,lymphocyte,"lymphocyte cell. a cell with small size, dense nuclear chromatin, regular nuclear shape, absent nucleolus, scanty cytoplasm, absent basophilia, absent vacuoles.",sana
.\data\domain_control_crops_test\6_30_1000_ALL_cell1.png,eosinophil,"neutrophil cell. a cell with medium size, dense nuclear chromatin, irregular nuclear shape, absent nucleolus, moderate cytoplasm, slight basophilia, absent cytopoles.",sana
.\data\domain_control_crops_test\6_31_1000_ALL_cell1.png,lymphocyte,"lymphoblast cell. a cell with medium size, open nuclear chromatin, irregular nuclear shape, absent nucleolus, scanty cytoplasm, absent basophilia, absent cytopmic vacuoles.",leucemica
.\data\domain_control_crops_test\6_36_1000_ALL_cell1.png,lymphocyte,"lymphoblast cell. a cell with medium size, dense nuclear chromatin, irregular nuclear shape, absent nucleolus, moderate cytoplasm, absent basophilia, absent cytopoles.",leucemica
.\data\domain_control_crops_test\6_39_1000_ALL_cell1.png,neutrophil,"neutrophil cell. a cell with medium size, dense nuclear chromatin, irregular nuclear shape, absent nucleolus, moderate cytoplasm, slight basophilia, absent cytoplobed",sana
.\data\domain_control_crops_test\6_40_1000_ALL_cell1.png,eosinophil,"eosinophil cell. a cell with medium size, dense nuclear chromatin, irregular nuclear shape, absent nucleolus, moderate cytoplasm, slight basophilia, absent cytopoles.",sana
.\data\domain_control_crops_test\6_40_1000_ALL_cell2.png,lymphocyte,"lymphocyte cell. a cell with small size, dense nuclear chromatin, regular nuclear shape, absent nucleolus, scanty cytoplasm, absent basophilia, absent vacuoles.",sana
.\data\domain_control_crops_test\6_41_1000_ALL_cell2.png,eosinophil,"eosinophil cell. a cell with medium size, dense nuclear chromatin, irregular nuclear shape, absent nucleolus, moderate cytoplasm, slight basophilia, absent cytoplocyte, absent vacuoles.",sana
.\data\domain_control_crops_test\6_42_1000_ALL_cell3.png,lymphocyte,"lymphocyte cell. a cell with small size, dense nuclear chromatin, regular nuclear shape, absent nucleolus, scanty cytoplasm, absent basophilia, absent cytopoles.",sana
.\data\domain_control_crops_test\6_45_1000_ALL_cell2.png,lymphocyte,"lymphocyte cell. a cell with small size, dense nuclear chromatin, regular nuclear shape, absent nucleolus, scanty cytoplasm, absent basophilia, absent cytopmic vacuoles.",sana
.\data\domain_control_crops_test\6_47_1000_ALL_cell1.png,eosinophil,"eosinophil cell. a cell with medium size, dense nuclear chromatin, irregular nuclear shape, absent nucleolus, moderate cytoplasm, slight basophilia, absent cytopmic vacuoles.",sana
.\data\domain_control_crops_test\6_48_1000_ALL_cell1.png,lymphocyte,"lymphocyte cell. a cell with small size, dense nuclear chromatin, regular nuclear shape, absent nucleolus, scanty cytoplasm, absent basophilia, absent cytopmic vacuoles.",sana
.\data\domain_control_crops_test\6_49_1000_ALL_cell2.png,monocyte,"myeloblast cell. a cell with medium size, open nuclear chromatin, irregular nuclear shape, present nucleolus, moderate cytoplasm, slight basophilia, absent cytoplobed",leucemica
.\data\domain_control_crops_test\6_49_1000_ALL_cell3.png,eosinophil,"eosinophil cell. a cell with medium size, dense nuclear chromatin, irregular nuclear shape, absent nucleolus, moderate cytoplasm, slight basophilia, absent cytopoles.",sana
.\data\domain_control_crops_test\6_49_1000_ALL_cell4.png,lymphocyte,"lymphocyte cell. a cell with small size, dense nuclear chromatin, regular nuclear shape, absent nucleolus, scanty cytoplasm, absent basophilia, absent cytopmic vacuoles.",sana
.\data\domain_control_crops_test\6_50_1000_ALL_cell1.png,lymphocyte,"lymphocyte cell. a cell with small size, dense nuclear chromatin, regular nuclear shape, absent nucleolus, scanty cytoplasm, absent basophilia, absent cytopmic vacuoles.",sana
.\data\domain_control_crops_test\6_50_1000_ALL_cell2.png,eosinophil,"eosinophil cell. a cell with medium size, dense nuclear chromatin, irregular nuclear shape, absent nucleolus, moderate cytoplasm, slight basophilia, absentcyoles.",sana
.\data\domain_control_crops_test\6_54_1000_ALL_cell1.png,lymphocyte,"lymphoblast cell. a cell with medium size, open nuclear chromatin, irregular nuclear shape, absent nucleolus, scanty cytoplasm, absent basophilia, absent cytopmic vacuoles.",leucemica
.\data\domain_control_crops_test\6_54_1000_ALL_cell2.png,eosinophil,"this is a eosinophil. it shows a big cell size, round overall shape, a segmented - bilobed nucleus, low nuclear - to - cytoplasmic ratio, densely packed chromatin, clearcyte, clear cytop",sana
.\data\domain_control_crops_test\6_56_1000_ALL_cell1.png,eosinophil,"neutrophil cell. a cell with medium size, dense nuclear chromatin, irregular nuclear shape, absent nucleolus, moderate cytoplasm, slight basophilia, absent cytopoles.",sana
.\data\domain_control_crops_test\6_6_1000_ALL_cell1.png,lymphocyte,"lymphoblast cell. a cell with medium size, dense nuclear chromatin, irregular nuclear shape, absent nucleolus, moderate cytoplasm, absent basophilia, absent cytopla",leucemica
.\data\domain_control_crops_test\6_7_1000_ALL_cell1.png,lymphocyte,"lymphocyte cell. a cell with small size, dense nuclear chromatin, regular nuclear shape, absent nucleolus, scanty cytoplasm, absent basophilia, absent cytopmic vacuoles.",sana
.\data\domain_control_crops_test\18_11_1000_ALL_cell2.png,lymphocyte,"lymphocyte cell. a cell with small size, dense nuclear chromatin, regular nuclear shape, absent nucleolus, scanty cytoplasm, absent basophilia, absent cytopoles.",sana
.\data\domain_control_crops_test\18_11_1000_ALL_cell3.png,lymphocyte,"lymphocyte cell. a cell with small size, dense nuclear chromatin, regular nuclear shape, absent nucleolus, scanty cytoplasm, absent basophilia, absent cytopoles.",sana
.\data\domain_control_crops_test\18_16_1000_ALL_cell2.png,neutrophil,"neutrophil cell. a cell with medium size, dense nuclear chromatin, irregular nuclear shape, absent nucleolus, moderate cytoplasm, slight basophilia, absent cytoplocyoles.",sana
.\data\domain_control_crops_test\18_18_1000_ALL_cell2.png,neutrophil,"neutrophil cell. a cell with medium size, dense nuclear chromatin, irregular nuclear shape, absent nucleolus, moderate cytoplasm, slight basophilia, absent cytopoles.",sana
.\data\domain_control_crops_test\18_19_1000_ALL_cell1.png,neutrophil,"neutrophil cell. a cell with medium size, dense nuclear chromatin, irregular nuclear shape, absent nucleolus, moderate cytoplasm, slight basophilia, absent cytoplocyoles.",sana
.\data\domain_control_crops_test\18_23_1000_ALL_cell1.png,neutrophil,"neutrophil cell. a cell with medium size, dense nuclear chromatin, irregular nuclear shape, absent nucleolus, moderate cytoplasm, slight basophilia, absent cytopoles.",sana
.\data\domain_control_crops_test\18_26_1000_ALL_cell1.png,eosinophil,"eosinophil cell. a cell with medium size, dense nuclear chromatin, irregular nuclear shape, absent nucleolus, moderate cytoplasm, slight basophilia, absent cytopoles.",sana
.\data\domain_control_crops_test\18_27_1000_ALL_cell2.png,neutrophil,"neutrophil cell. a cell with medium size, dense nuclear chromatin, irregular nuclear shape, absent nucleolus, moderate cytoplasm, slight basophilia, absent cytoplocyte cytoplacyoles.",sana
.\data\domain_control_crops_test\18_36_1000_ALL_cell1.png,neutrophil,"neutrophil cell. a cell with medium size, dense nuclear chromatin, irregular nuclear shape, absent nucleolus, moderate cytoplasm, slight basophilia, absent cytoplocyoles.",sana
.\data\domain_control_crops_test\18_37_1000_ALL_cell2.png,neutrophil,"neutrophil cell. a cell with medium size, dense nuclear chromatin, irregular nuclear shape, absent nucleolus, moderate cytoplasm, slight basophilia, absent cytoplocyte, absent vacuoles.",sana
.\data\domain_control_crops_test\8_10_1000_ALL_cell1.png,monocyte,"monocyte cell. a cell with medium size, dense nuclear chromatin, irregular nuclear shape, absent nucleolus, moderate cytoplasm, slight basophilia, present cytopoles.",sana
.\data\domain_control_crops_test\8_10_1000_ALL_cell2.png,monocyte,"myelocyte cell. a cell with medium size, dense nuclear chromatin, irregular nuclear shape, absent nucleolus, moderate cytoplasm, slight basophilia, absent cytopmic vacuoles.",sana
.\data\domain_control_crops_test\8_11_1000_ALL_cell1.png,neutrophil,"neutrophil cell. a cell with medium size, dense nuclear chromatin, irregular nuclear shape, absent nucleolus, moderate cytoplasm, slight basophilia, absent cytocyte, absent vacuoles.",sana
.\data\domain_control_crops_test\8_11_1000_ALL_cell2.png,lymphocyte,"myeloblast cell. a cell with medium size, open nuclear chromatin, irregular nuclear shape, present nucleolus, scanty cytoplasm, slight basophilia, absent cytopmic vacuoles.",leucemica
.\data\domain_control_crops_test\8_18_1000_ALL_cell1.png,neutrophil,"neutrophil cell. a cell with medium size, dense nuclear chromatin, irregular nuclear shape, absent nucleolus, moderate cytoplasm, slight basophilia, absent cytoplocyte, absent vacuoles.",sana
.\data\domain_control_crops_test\8_25_1000_ALL_cell1.png,lymphocyte,"myeloblast cell. a cell with medium size, open nuclear chromatin, irregular nuclear shape, present nucleolus, scanty cytoplasm, slight basophilia, absent cytopmic vacuoles.",leucemica
.\data\domain_control_crops_test\8_26_1000_ALL_cell1.png,lymphocyte,"lymphoblast cell. a cell with small size, open nuclear chromatin, irregular nuclear shape, absent nucleolus, scanty cytoplasm, absent basophilia, absent vacuoles.",leucemica
.\data\domain_control_crops_test\8_27_1000_ALL_cell2.png,neutrophil,"neutrophil cell. a cell with medium size, dense nuclear chromatin, irregular nuclear shape, absent nucleolus, moderate cytoplasm, slight basophilia, absent cytoplacyte cytoplobed vacuoles.",sana
.\data\domain_control_crops_test\8_31_1000_ALL_cell3.png,lymphocyte,"lymphoblast cell. a cell with medium size, open nuclear chromatin, irregular nuclear shape, absent nucleolus, scanty cytoplasm, absent basophilia, absent cytopmic vacuoles.",leucemica
.\data\domain_control_crops_test\8_32_1000_ALL_cell2.png,lymphocyte,"lymphocyte cell. a cell with small size, dense nuclear chromatin, regular nuclear shape, absent nucleolus, scanty cytoplasm, absent basophilia, absent cytopmic vacuoles.",sana
.\data\domain_control_crops_test\8_33_1000_ALL_cell1.png,neutrophil,"lymphoblast cell. a cell with small size, open nuclear chromatin, irregular nuclear shape, absent nucleolus, scanty cytoplasm, absent basophilia, absent cytopmic vacuoles.",leucemica
.\data\domain_control_crops_test\8_37_1000_ALL_cell1.png,neutrophil,"neutrophil cell. a cell with medium size, dense nuclear chromatin, irregular nuclear shape, absent nucleolus, moderate cytoplasm, slight basophilia, absent cytopoles.",sana
.\data\domain_control_crops_test\8_47_1000_ALL_cell2.png,neutrophil,"neutrophil cell. a cell with medium size, dense nuclear chromatin, irregular nuclear shape, absent nucleolus, moderate cytoplasm, slight basophilia, absent cytocyte, absent vacuoles.",sana
.\data\domain_control_crops_test\8_54_1000_ALL_cell1.png,neutrophil,"neutrophil cell. a cell with medium size, dense nuclear chromatin, irregular nuclear shape, absent nucleolus, moderate cytoplasm, slight basophilia, absent cytoplocyte, absent vacuoles.",sana
.\data\domain_control_crops_test\8_55_1000_ALL_cell1.png,neutrophil,"neutrophil cell. a cell with medium size, dense nuclear chromatin, irregular nuclear shape, absent nucleolus, moderate cytoplasm, slight basophilia, absent cytoplacyte cytoplobed vacuoles.",sana
.\data\domain_control_crops_test\8_56_1000_ALL_cell1.png,lymphocyte,"lymphoblast cell. a cell with medium size, open nuclear chromatin, irregular nuclear shape, absent nucleolus, scanty cytoplasm, absent basophilia, absent cytopmic vacuoles.",leucemica
.\data\domain_control_crops_test\8_58_1000_ALL_cell1.png,neutrophil,"metamyelocyte cell. a cell with medium size, dense nuclear chromatin, irregular nuclear shape, absent nucleolus, moderate cytoplasm, slight basophilia, absent cytoplocyte cytopoles.",sana
.\data\domain_control_crops_test\15_12_1000_AML_cell2.png,lymphocyte,"lymphoblast cell. a cell with small size, open nuclear chromatin, irregular nuclear shape, absent nucleolus, scanty cytoplasm, absent basophilia, absent cytopmic vacuoles.",leucemica
.\data\domain_control_crops_test\15_12_1000_AML_cell3.png,lymphocyte,"lymphoblast cell. a cell with medium size, open nuclear chromatin, irregular nuclear shape, absent nucleolus, scanty cytoplasm, absent basophilia, absent vacuoles.",leucemica
.\data\domain_control_crops_test\15_15_1000_AML_cell2.png,lymphocyte,"lymphocyte cell. a cell with small size, dense nuclear chromatin, regular nuclear shape, absent nucleolus, scanty cytoplasm, absent basophilia, absentmic vacuoles.",sana
.\data\domain_control_crops_test\15_16_1000_AML_cell2.png,lymphocyte,"myeloblast cell. a cell with medium size, open nuclear chromatin, irregular nuclear shape, present nucleolus, moderate cytoplasm, slight basophilia, absent cytopmic vacuoles.",leucemica
.\data\domain_control_crops_test\15_19_1000_AML_cell1.png,lymphocyte,"lymphoblast cell. a cell with medium size, open nuclear chromatin, irregular nuclear shape, absent nucleolus, scanty cytoplasm, absent basophilia, absent cytopmic vacuoles.",leucemica
.\data\domain_control_crops_test\15_19_1000_AML_cell4.png,neutrophil,"neutrophil cell. a cell with medium size, dense nuclear chromatin, irregular nuclear shape, absent nucleolus, moderate cytoplasm, slight basophilia, absent cytoplobed",sana
.\data\domain_control_crops_test\15_22_1000_AML_cell5.png,lymphocyte,"lymphoblast cell. a cell with medium size, dense nuclear chromatin, irregular nuclear shape, absent nucleolus, moderate cytoplasm, absent basophilia, absent cytopla",leucemica
.\data\domain_control_crops_test\15_24_1000_AML_cell3.png,lymphocyte,"lymphoblast cell. a cell with small size, open nuclear chromatin, irregular nuclear shape, absent nucleolus, scanty cytoplasm, absent basophilia, absent cytopmic vacuoles.",leucemica
.\data\domain_control_crops_test\15_24_1000_AML_cell4.png,lymphocyte,"lymphocyte cell. a cell with small size, dense nuclear chromatin, regular nuclear shape, absent nucleolus, scanty cytoplasm, absent basophilia, absent cytopmic vacuoles.",sana
.\data\domain_control_crops_test\15_26_1000_AML_cell2.png,lymphocyte,"lymphocyte cell. a cell with small size, dense nuclear chromatin, regular nuclear shape, absent nucleolus, scanty cytoplasm, absent basophilia, absent cytopmic vacuoles.",sana
.\data\domain_control_crops_test\15_53_1000_AML_cell3.png,neutrophil,"neutrophil cell. a cell with medium size, dense nuclear chromatin, irregular nuclear shape, absent nucleolus, moderate cytoplasm, slight basophilia, absent cytoplobed",sana
.\data\domain_control_crops_test\15_55_1000_AML_cell2.png,neutrophil,"neutrophil cell. a cell with medium size, dense nuclear chromatin, irregular nuclear shape, absent nucleolus, moderate cytoplasm, slight basophilia, absent cytopoles.",sana
.\data\domain_control_crops_test\15_56_1000_AML_cell1.png,neutrophil,"neutrophil cell. a cell with medium size, dense nuclear chromatin, irregular nuclear shape, absent nucleolus, moderate cytoplasm, slight basophilia, absent cytoplobed",sana
.\data\domain_control_crops_test\15_6_1000_AML_cell4.png,lymphocyte,"lymphocyte cell. a cell with small size, dense nuclear chromatin, regular nuclear shape, absent nucleolus, scanty cytoplasm, absent basophilia, absent vacuoles.",sana
.\data\domain_control_crops_test\15_60_1000_AML_cell7.png,lymphocyte,"myeloblast cell. a cell with medium size, open nuclear chromatin, irregular nuclear shape, present nucleolus, moderate cytoplasm, slight basophilia, absent cytocyte, absent vacuoles.",leucemica
.\data\domain_control_crops_test\15_7_1000_AML_cell4.png,neutrophil,"neutrophil cell. a cell with medium size, dense nuclear chromatin, irregular nuclear shape, absent nucleolus, moderate cytoplasm, slight basophilia, absent cytopoles.",sana
.\data\domain_control_crops_test\15_9_1000_AML_cell1.png,monocyte,"monocyte cell. a cell with medium size, dense nuclear chromatin, irregular nuclear shape, absent nucleolus, moderate cytoplasm, slight basophilia, absent cytopoles.",sana
.\data\domain_control_crops_test\4_102_1000_ALL_cell1.png,neutrophil,"neutrophil cell. a cell with medium size, dense nuclear chromatin, irregular nuclear shape, absent nucleolus, moderate cytoplasm, slight basophilia, absent cytoplocyoles.",sana
.\data\domain_control_crops_test\4_103_1000_ALL_cell1.png,eosinophil,"eosinophil cell. a cell with medium size, dense nuclear chromatin, irregular nuclear shape, absent nucleolus, moderate cytoplasm, slight basophilia, absent cytopoles.",sana
.\data\domain_control_crops_test\4_103_1000_ALL_cell2.png,lymphocyte,"lymphoblast cell. a cell with small size, open nuclear chromatin, irregular nuclear shape, absent nucleolus, scanty cytoplasm, absent basophilia, absent cytopmic vacuoles.",leucemica
.\data\domain_control_crops_test\4_105_1000_ALL_cell1.png,lymphocyte,"lymphoblast cell. a cell with medium size, open nuclear chromatin, irregular nuclear shape, absent nucleolus, scanty cytoplasm, absent basophilia, absent cytopmic vacuoles.",leucemica
.\data\domain_control_crops_test\4_15_1000_ALL_cell1.png,neutrophil,"neutrophil cell. a cell with medium size, dense nuclear chromatin, irregular nuclear shape, absent nucleolus, moderate cytoplasm, slight basophilia, absent cytopoles.",sana
.\data\domain_control_crops_test\4_15_1000_ALL_cell2.png,neutrophil,"neutrophil cell. a cell with medium size, dense nuclear chromatin, irregular nuclear shape, absent nucleolus, moderate cytoplasm, slight basophilia, absent cytopoles.",sana
.\data\domain_control_crops_test\4_15_1000_ALL_cell3.png,lymphocyte,"lymphoblast cell. a cell with small size, open nuclear chromatin, irregular nuclear shape, absent nucleolus, scanty cytoplasm, absent basophilia, absent cytopmic vacuoles.",leucemica
.\data\domain_control_crops_test\4_16_1000_ALL_cell1.png,neutrophil,"eosinophil cell. a cell with medium size, dense nuclear chromatin, irregular nuclear shape, absent nucleolus, moderate cytoplasm, slight basophilia, absentcyoles.",sana
.\data\domain_control_crops_test\4_17_1000_ALL_cell1.png,neutrophil,"lymphoblast cell. a cell with small size, open nuclear chromatin, irregular nuclear shape, absent nucleolus, scanty cytoplasm, absent basophilia, absent cytopla",leucemica
.\data\domain_control_crops_test\4_17_1000_ALL_cell2.png,eosinophil,"neutrophil cell. a cell with medium size, dense nuclear chromatin, irregular nuclear shape, absent nucleolus, moderate cytoplasm, slight basophilia, absent cytoplobedrophilia vacuoles.",sana
.\data\domain_control_crops_test\4_17_1000_ALL_cell3.png,lymphocyte,"lymphocyte cell. a cell with small size, dense nuclear chromatin, regular nuclear shape, absent nucleolus, scanty cytoplasm, absent basophilia, absent cytopoles.",sana
.\data\domain_control_crops_test\4_18_1000_ALL_cell1.png,neutrophil,"neutrophil cell. a cell with medium size, dense nuclear chromatin, irregular nuclear shape, absent nucleolus, moderate cytoplasm, slight basophilia, absent cytopoles.",sana
.\data\domain_control_crops_test\4_18_1000_ALL_cell2.png,eosinophil,"eosinophil cell. a cell with medium size, dense nuclear chromatin, irregular nuclear shape, absent nucleolus, moderate cytoplasm, slight basophilia, absent cytopoles.",sana
.\data\domain_control_crops_test\4_27_1000_ALL_cell1.png,neutrophil,"neutrophil cell. a cell with medium size, dense nuclear chromatin, irregular nuclear shape, absent nucleolus, moderate cytoplasm, slight basophilia, absent cytoplacyte cytoplobedlasmic vacuoles.",sana
.\data\domain_control_crops_test\4_28_1000_ALL_cell1.png,neutrophil,"neutrophil cell. a cell with medium size, dense nuclear chromatin, irregular nuclear shape, absent nucleolus, moderate cytoplasm, slight basophilia, absent cytoplobedrophilia vacuoles.",sana
.\data\domain_control_crops_test\4_28_1000_ALL_cell3.png,lymphocyte,"lymphocyte cell. a cell with small size, dense nuclear chromatin, regular nuclear shape, absent nucleolus, scanty cytoplasm, absent basophilia, absent cytopoles.",sana
.\data\domain_control_crops_test\4_29_1000_ALL_cell1.png,eosinophil,"abnormal promyelocyte cell. a cell with medium size, open nuclear chromatin, irregular nuclear shape, present nucleolus, moderate cytoplasm, slight basophilia, absentmic vacuoles.",leucemica
.\data\domain_control_crops_test\4_32_1000_ALL_cell1.png,neutrophil,"neutrophil cell. a cell with medium size, dense nuclear chromatin, irregular nuclear shape, absent nucleolus, moderate cytoplasm, slight basophilia, absent cytoplacyolus vacuoles.",sana
.\data\domain_control_crops_test\4_32_1000_ALL_cell2.png,neutrophil,"neutrophil cell. a cell with medium size, dense nuclear chromatin, irregular nuclear shape, absent nucleolus, moderate cytoplasm, slight basophilia, absent cytoplocyoles.",sana
.\data\domain_control_crops_test\4_33_1000_ALL_cell1.png,neutrophil,"neutrophil cell. a cell with medium size, dense nuclear chromatin, irregular nuclear shape, absent nucleolus, moderate cytoplasm, slight basophilia, absent cytoplacyolus vacuoles.",sana
.\data\domain_control_crops_test\4_34_1000_ALL_cell1.png,neutrophil,"neutrophil cell. a cell with medium size, dense nuclear chromatin, irregular nuclear shape, absent nucleolus, moderate cytoplasm, slight basophilia, absent cytoplocyte, absent vacuoles.",sana
.\data\domain_control_crops_test\4_35_1000_ALL_cell2.png,neutrophil,"neutrophil cell. a cell with medium size, dense nuclear chromatin, irregular nuclear shape, absent nucleolus, moderate cytoplasm, slight basophilia, absent cytoplobedrophilia vacuoles.",sana
.\data\domain_control_crops_test\4_37_1000_ALL_cell1.png,neutrophil,"neutrophil cell. a cell with medium size, dense nuclear chromatin, irregular nuclear shape, absent nucleolus, moderate cytoplasm, slight basophilia, absent cytopoles.",sana
.\data\domain_control_crops_test\4_38_1000_ALL_cell1.png,neutrophil,"neutrophil cell. a cell with medium size, dense nuclear chromatin, irregular nuclear shape, absent nucleolus, moderate cytoplasm, slight basophilia, absent cytopoles.",sana
.\data\domain_control_crops_test\4_39_1000_ALL_cell1.png,neutrophil,"abnormal promyelocyte cell. a cell with medium size, open nuclear chromatin, irregular nuclear shape, present nucleolus, moderate cytoplasm, slight basophilia, absentmic vacuoles.",leucemica
.\data\domain_control_crops_test\4_39_1000_ALL_cell2.png,neutrophil,"neutrophil cell. a cell with medium size, dense nuclear chromatin, irregular nuclear shape, absent nucleolus, moderate cytoplasm, slight basophilia, absent cytopoles.",sana
.\data\domain_control_crops_test\4_42_1000_ALL_cell1.png,neutrophil,"neutrophil cell. a cell with medium size, dense nuclear chromatin, irregular nuclear shape, absent nucleolus, moderate cytoplasm, slight basophilia, absent cytoplacyolus vacuoles.",sana
.\data\domain_control_crops_test\4_43_1000_ALL_cell1.png,neutrophil,"lymphoblast cell. a cell with small size, open nuclear chromatin, irregular nuclear shape, absent nucleolus, moderate cytoplasm, absent basophilia, absentmic vacuoles.",leucemica
.\data\domain_control_crops_test\4_51_1000_ALL_cell1.png,neutrophil,"neutrophil cell. a cell with medium size, dense nuclear chromatin, irregular nuclear shape, absent nucleolus, moderate cytoplasm, slight basophilia, absent cytoplacyte cytoplobed vacuoles.",sana
.\data\domain_control_crops_test\4_52_1000_ALL_cell2.png,lymphocyte,"lymphoblast cell. a cell with medium size, open nuclear chromatin, irregular nuclear shape, absent nucleolus, scanty cytoplasm, absent basophilia, absent cytopoles.",leucemica
.\data\domain_control_crops_test\4_66_1000_ALL_cell1.png,neutrophil,"neutrophil cell. a cell with medium size, dense nuclear chromatin, irregular nuclear shape, absent nucleolus, moderate cytoplasm, slight basophilia, absent cytoplacyolus vacuoles.",sana
.\data\domain_control_crops_test\4_69_1000_ALL_cell1.png,neutrophil,"neutrophil cell. a cell with medium size, dense nuclear chromatin, irregular nuclear shape, absent nucleolus, moderate cytoplasm, slight basophilia, absent cytoplobedrophilia vacuoles.",sana
.\data\domain_control_crops_test\4_69_1000_ALL_cell2.png,monocyte,"promonocyte cell. a cell with medium size, open nuclear chromatin, irregular nuclear shape, present nucleolus, moderate cytoplasm, slight basophilia, absent cytopla",sana
.\data\domain_control_crops_test\4_7_1000_ALL_cell1.png,neutrophil,"neutrophil cell. a cell with medium size, dense nuclear chromatin, irregular nuclear shape, absent nucleolus, moderate cytoplasm, slight basophilia, absent cytocyte cytopla",sana
.\data\domain_control_crops_test\4_7_1000_ALL_cell2.png,lymphocyte,"lymphoblast cell. a cell with small size, open nuclear chromatin, irregular nuclear shape, absent nucleolus, scanty cytoplasm, absent basophilia, absent cytopmic vacuoles.",leucemica
.\data\domain_control_crops_test\4_7_1000_ALL_cell3.png,neutrophil,"neutrophil cell. a cell with medium size, dense nuclear chromatin, irregular nuclear shape, absent nucleolus, moderate cytoplasm, slight basophilia, absent cytoplocyte, absent vacuoles.",sana
.\data\domain_control_crops_test\4_71_1000_ALL_cell1.png,neutrophil,"neutrophil cell. a cell with medium size, dense nuclear chromatin, irregular nuclear shape, absent nucleolus, moderate cytoplasm, slight basophilia, absent cytoplocyoles.",sana
.\data\domain_control_crops_test\4_78_1000_ALL_cell1.png,neutrophil,"neutrophil cell. a cell with medium size, dense nuclear chromatin, irregular nuclear shape, absent nucleolus, moderate cytoplasm, slight basophilia, absent cytopmic vacuoles.",sana
.\data\domain_control_crops_test\4_81_1000_ALL_cell1.png,neutrophil,"neutrophil cell. a cell with medium size, dense nuclear chromatin, irregular nuclear shape, absent nucleolus, moderate cytoplasm, slight basophilia, absent cytopoles.",sana
.\data\domain_control_crops_test\4_82_1000_ALL_cell1.png,eosinophil,"abnormal promyelocyte cell. a cell with medium size, open nuclear chromatin, irregular nuclear shape, present nucleolus, moderate cytoplasm, slight basophilia, absentmic vacuoles.",leucemica
.\data\domain_control_crops_test\4_82_1000_ALL_cell2.png,neutrophil,"neutrophil cell. a cell with medium size, dense nuclear chromatin, irregular nuclear shape, absent nucleolus, moderate cytoplasm, slight basophilia, absent cytoplobedrophilia vacuoles.",sana
.\data\domain_control_crops_test\4_84_1000_ALL_cell1.png,neutrophil,"abnormal promyelocyte cell. a cell with medium size, open nuclear chromatin, irregular nuclear shape, present nucleolus, moderate cytoplasm, slight basophilia, absentmic vacuoles.",leucemica
.\data\domain_control_crops_test\4_85_1000_ALL_cell1.png,neutrophil,"abnormal promyelocyte cell. a cell with small size, open nuclear chromatin, irregular nuclear shape, present nucleolus, moderate cytoplasm, slight basophilia, absentmic vacuoles.",leucemica
.\data\domain_control_crops_test\4_86_1000_ALL_cell3.png,neutrophil,"neutrophil cell. a cell with medium size, dense nuclear chromatin, irregular nuclear shape, absent nucleolus, moderate cytoplasm, slight basophilia, absent cytocyte, absent vacuoles.",sana
.\data\domain_control_crops_test\4_88_1000_ALL_cell1.png,neutrophil,"neutrophil cell. a cell with medium size, dense nuclear chromatin, irregular nuclear shape, absent nucleolus, moderate cytoplasm, slight basophilia, absent cytoplacyte cytoplobed vacuoles.",sana
.\data\domain_control_crops_test\4_88_1000_ALL_cell2.png,neutrophil,"lymphoblast cell. a cell with small size, open nuclear chromatin, irregular nuclear shape, absent nucleolus, scanty cytoplasm, absent basophilia, absent cytopmic vacuoles.",leucemica
.\data\domain_control_crops_test\4_92_1000_ALL_cell1.png,neutrophil,"neutrophil cell. a cell with medium size, dense nuclear chromatin, irregular nuclear shape, absent nucleolus, moderate cytoplasm, slight basophilia, absent cytoplacyte cytocyoles.",sana
.\data\domain_control_crops_test\4_93_1000_ALL_cell1.png,neutrophil,"neutrophil cell. a cell with medium size, dense nuclear chromatin, irregular nuclear shape, absent nucleolus, moderate cytoplasm, slight basophilia, absent cytoplobed",sana
.\data\domain_control_crops_test\4_97_1000_ALL_cell1.png,neutrophil,"neutrophil cell. a cell with medium size, dense nuclear chromatin, irregular nuclear shape, absent nucleolus, moderate cytoplasm, slight basophilia, absent cytopocyte cytopoles.",sana
.\data\domain_control_crops_test\4_99_1000_ALL_cell1.png,neutrophil,"neutrophil cell. a cell with medium size, dense nuclear chromatin, irregular nuclear shape, absent nucleolus, moderate cytoplasm, slight basophilia, absent cytoplocyolus vacuoles.",sana
